{"overall": {"Bleu_1": 1.1111111109876545e-16, "Bleu_2": 1.1785113018384495e-16, "Bleu_3": 1.2565790683898578e-16, "Bleu_4": 1.34851118576642e-16, "METEOR": 0.0, "ROUGE_L": 0.0, "CIDEr": 0.0, "CIDEr-R": 0.0, "SPICE": 0.0, "perplexity": 16.249109268188477, "entropy": 16.257869720458984, "SPICE_Relation": 0.0, "SPICE_Cardinality": NaN, "SPICE_Attribute": 0.0, "SPICE_Size": NaN, "SPICE_Color": NaN, "SPICE_Object": 0.0, "bad_count_rate": 0.0}, "imgToEval": {"202572": {"image_id": 202572, "Bleu_1": 1.1111111109876545e-16, "Bleu_2": 1.1785113018384495e-16, "Bleu_3": 1.2565790683898578e-16, "Bleu_4": 1.34851118576642e-16, "METEOR": 0.0, "ROUGE_L": 0.0, "CIDEr": 0.0, "CIDEr-R": 0.0, "SPICE": {"All": {"pr": 0.0, "re": 0.0, "f": 0.0, "fn": 19.0, "numImages": 1.0, "fp": 6.0, "tp": 0.0}, "Relation": {"pr": 0.0, "re": 0.0, "f": 0.0, "fn": 6.0, "numImages": 1.0, "fp": 1.0, "tp": 0.0}, "Cardinality": {"pr": NaN, "re": NaN, "f": NaN, "fn": 0.0, "numImages": 1.0, "fp": 0.0, "tp": 0.0}, "Attribute": {"pr": 0.0, "re": 0.0, "f": 0.0, "fn": 6.0, "numImages": 1.0, "fp": 3.0, "tp": 0.0}, "Size": {"pr": NaN, "re": NaN, "f": NaN, "fn": 0.0, "numImages": 1.0, "fp": 0.0, "tp": 0.0}, "Color": {"pr": NaN, "re": NaN, "f": NaN, "fn": 0.0, "numImages": 1.0, "fp": 0.0, "tp": 0.0}, "Object": {"pr": 0.0, "re": 0.0, "f": 0.0, "fn": 7.0, "numImages": 1.0, "fp": 2.0, "tp": 0.0}}, "caption": " (5) (08: \"M-1-1-5-1-1-1, \" \" \" (08: \"M-1-1-5-1-1-"}}}