{"overall": {"Bleu_1": 0.10810810810664721, "Bleu_2": 0.039021140551390006, "Bleu_3": 2.8185798009084454e-07, "Bleu_4": 7.661157879719034e-10, "METEOR": 0.047659841885116835, "ROUGE_L": 0.14497510626542884, "CIDEr": 0.0031548212407202405, "CIDEr-R": 0.011715638032938092, "SPICE": 0.0, "perplexity": 52.754699071248375, "entropy": 52.75582695007324, "SPICE_Relation": 0.0, "SPICE_Cardinality": NaN, "SPICE_Attribute": 0.0, "SPICE_Size": 0.0, "SPICE_Color": 0.0, "SPICE_Object": 0.0, "bad_count_rate": 0.3333333333333333}, "imgToEval": {"129864": {"image_id": 129864, "Bleu_1": 0.17391304347069947, "Bleu_2": 0.08891084489092392, "Bleu_3": 7.220435507223147e-07, "Bleu_4": 2.0828838183001623e-09, "METEOR": 0.05006028326770891, "ROUGE_L": 0.18841698841698842, "CIDEr": 0.0059515357794873505, "CIDEr-R": 0.004719423056757823, "SPICE": {"All": {"pr": 0.0, "re": 0.0, "f": 0.0, "fn": 18.0, "numImages": 1.0, "fp": 11.0, "tp": 0.0}, "Relation": {"pr": 0.0, "re": 0.0, "f": 0.0, "fn": 10.0, "numImages": 1.0, "fp": 2.0, "tp": 0.0}, "Cardinality": {"pr": NaN, "re": NaN, "f": NaN, "fn": 0.0, "numImages": 1.0, "fp": 0.0, "tp": 0.0}, "Attribute": {"pr": 0.0, "re": 0.0, "f": 0.0, "fn": 2.0, "numImages": 1.0, "fp": 5.0, "tp": 0.0}, "Size": {"pr": NaN, "re": NaN, "f": NaN, "fn": 0.0, "numImages": 1.0, "fp": 0.0, "tp": 0.0}, "Color": {"pr": 0.0, "re": 0.0, "f": 0.0, "fn": 1.0, "numImages": 1.0, "fp": 0.0, "tp": 0.0}, "Object": {"pr": 0.0, "re": 0.0, "f": 0.0, "fn": 6.0, "numImages": 1.0, "fp": 4.0, "tp": 0.0}}, "caption": " (3) (1.2.1) (2.2.0) (3.1.0)\n\n\"A lot of the new songs are out of a string-like"}, "254479": {"image_id": 254479, "Bleu_1": 0.09090909090495872, "Bleu_2": 2.0806259463443725e-09, "Bleu_3": 6.004165777595408e-12, "Bleu_4": 3.267014829799883e-13, "METEOR": 0.04638786395929011, "ROUGE_L": 0.13406593406593406, "CIDEr": 0.0021458108675164083, "CIDEr-R": 0.00611873932697115, "SPICE": {"All": {"pr": 0.0, "re": 0.0, "f": 0.0, "fn": 18.0, "numImages": 1.0, "fp": 1.0, "tp": 0.0}, "Relation": {"pr": 0.0, "re": 0.0, "f": 0.0, "fn": 5.0, "numImages": 1.0, "fp": 0.0, "tp": 0.0}, "Cardinality": {"pr": NaN, "re": NaN, "f": NaN, "fn": 0.0, "numImages": 1.0, "fp": 0.0, "tp": 0.0}, "Attribute": {"pr": 0.0, "re": 0.0, "f": 0.0, "fn": 6.0, "numImages": 1.0, "fp": 0.0, "tp": 0.0}, "Size": {"pr": 0.0, "re": 0.0, "f": 0.0, "fn": 3.0, "numImages": 1.0, "fp": 0.0, "tp": 0.0}, "Color": {"pr": NaN, "re": NaN, "f": NaN, "fn": 0.0, "numImages": 1.0, "fp": 0.0, "tp": 0.0}, "Object": {"pr": 0.0, "re": 0.0, "f": 0.0, "fn": 7.0, "numImages": 1.0, "fp": 1.0, "tp": 0.0}}, "caption": " (4) the first-time, and the first-time, of the two-team, and the two-team, and the first-time, of the first-time, of the"}, "449402": {"image_id": 449402, "Bleu_1": 0.06896551723900123, "Bleu_2": 1.5694120513807777e-09, "Bleu_3": 4.501632809041089e-12, "Bleu_4": 2.433796227310421e-13, "METEOR": 0.041291619389368095, "ROUGE_L": 0.11244239631336404, "CIDEr": 0.0013671170751569628, "CIDEr-R": 0.024308751715085307, "SPICE": {"All": {"pr": 0.0, "re": 0.0, "f": 0.0, "fn": 15.0, "numImages": 1.0, "fp": 18.0, "tp": 0.0}, "Relation": {"pr": 0.0, "re": 0.0, "f": 0.0, "fn": 6.0, "numImages": 1.0, "fp": 6.0, "tp": 0.0}, "Cardinality": {"pr": NaN, "re": NaN, "f": NaN, "fn": 0.0, "numImages": 1.0, "fp": 0.0, "tp": 0.0}, "Attribute": {"pr": 0.0, "re": 0.0, "f": 0.0, "fn": 5.0, "numImages": 1.0, "fp": 7.0, "tp": 0.0}, "Size": {"pr": 0.0, "re": 0.0, "f": 0.0, "fn": 1.0, "numImages": 1.0, "fp": 0.0, "tp": 0.0}, "Color": {"pr": 0.0, "re": 0.0, "f": 0.0, "fn": 2.0, "numImages": 1.0, "fp": 0.0, "tp": 0.0}, "Object": {"pr": 0.0, "re": 0.0, "f": 0.0, "fn": 4.0, "numImages": 1.0, "fp": 5.0, "tp": 0.0}}, "caption": " (1) the three-digit currency unit of the display\n\n(1) or the two-digit currency unit, and the two-digit transaction\n\n(2) of the same type"}}}